iteration,mean_reward,phase_error,altitude_error,anomaly,collision_penalty,coverage_penalty,fault_fraction,anomaly_event_fraction,actor_loss,critic_loss,entropy,approx_kl,clipfrac,explained_var,learning_rate
1,-0.35945142339915037,0.21965373517524073,0.0,0.0,0.0,0.0,0.0,0.0,-0.0001414429640308732,4.561119897024972,1.0984612192426408,0.0001556041506340816,0.0,0.3875729577330014,0.0003
2,-0.600727517157793,0.38230808630849833,0.0,0.0,0.0,0.0,0.0,0.0,-0.0004966088371085269,4.536024139040992,1.0980482385272072,0.0001272399787835422,0.0,-0.4580855019383787,0.00029899497487437184
3,-0.6964757991954684,0.44709018035341125,0.0,0.0,0.0,0.0,0.0,0.0,-0.0002032702323049307,1.8638049477622622,1.0972484406970797,0.0001922323579146039,0.0,0.0990546569728381,0.0002979899497487437
4,-0.4319925610907376,0.2690922166060181,0.0,0.0,0.0,0.0,0.0,0.0,-4.482677295094445e-06,1.3012722986085075,1.0969862654095603,2.5104138157552197e-05,0.0,0.2700370344978802,0.00029698492462311557
5,-0.6898481622338295,0.44173276061176264,0.0,0.0,0.0,0.0,0.0,0.0,-0.0003124540228219259,2.610722314743769,1.0929759740829468,0.0004398406793673833,0.0,-0.017856799424853076,0.00029597989949748743
6,-0.7008228008635342,0.4503962515224831,0.0,0.0,0.0,0.0,0.0,0.0,-0.002987619045944441,1.2454730045227778,1.0791045370556058,0.0068660807751473926,0.10825892857142858,0.02116616215285938,0.00029497487437185924
7,-0.5688715279102325,0.36174008995684964,0.0,0.0,0.0,0.0,0.0,0.0,-0.0015614887566438743,1.3452020145597912,1.0954625833602178,0.0015736622015191685,0.002418154761904762,-0.2217555326806877,0.0002939698492462311
8,-0.9092315770685673,0.5887081456682406,0.0,0.0,0.0,0.0,0.0,0.0,-0.0018384386896200123,3.0593007746196927,1.0678154230117798,0.0036130880360447223,0.03943452380952381,0.016235290424693183,0.000292964824120603
9,-0.7036861861124635,0.4505778358740245,0.0,0.0,0.0,0.0,0.0,0.0,-0.0001486197579652071,0.7167698570660183,1.076389613605681,0.0007067547412589192,9.300595238095238e-05,0.11420548903457617,0.00029195979899497484
10,-0.6398342624306679,0.4091581810195479,0.0,0.0,0.0,0.0,0.0,0.0,-0.0006693002568291766,1.223790821574983,1.0916984648931594,0.00042289620753200284,0.0,-0.12914100186326105,0.0002909547738693467
11,-0.9764759596437216,0.6336538438795016,0.0,0.0,0.0,0.0,0.0,0.0,-0.002553743576364858,2.7581496692839123,1.057647739137922,0.003121190111241525,0.027250744047619048,-0.06235390913651129,0.00028994974874371857
12,-0.5476702072191983,0.34716849231152985,0.0,0.0,0.0,0.0,0.0,0.0,-0.001978265276799599,0.24769697515737443,1.081035886492048,0.0008797865094883102,0.003720238095238095,0.03640963385646834,0.00028894472361809043
13,-0.7030108589679003,0.45234316389570756,0.0,0.0,0.0,0.0,0.0,0.0,-0.0014989826761718308,1.3133060421262468,1.0722962050210862,0.0008048848747941,0.0016741071428571428,-0.045425439165318826,0.0002879396984924623
14,-1.5663831494748592,1.033780739094151,0.0,0.0,0.0,0.0,0.0,0.0,-0.00043005583852174736,3.9008687337239585,1.0125073762167067,0.000617786249633701,0.00018601190476190475,-0.0315797622952354,0.00028693467336683416
15,-0.5109454481862485,0.32317454047782457,0.0,0.0,0.0,0.0,0.0,0.0,-3.8862328178116255e-05,0.15314852127007075,1.0825705982389904,0.0003780236279237128,0.0008370535714285714,0.4197985914453253,0.00028592964824120603
16,-0.9260307718068361,0.6025670272106812,0.0,0.0,0.0,0.0,0.0,0.0,-0.0011738967815680163,1.229851694334121,1.0653791654677618,0.000792748172811809,0.0,-0.02571317244198612,0.0002849246231155779
17,-1.5322835252154619,1.0088293914990443,0.0,0.0,0.0,0.0,0.0,0.0,-0.0023241916094862277,2.586638019198463,0.9987077940078009,0.003122909072165688,0.018973214285714284,0.0931692749260481,0.0002839195979899497
18,-0.47723599150776863,0.3001904867368956,0.0,0.0,0.0,0.0,0.0,0.0,0.00013865559317526363,0.1977228508109138,1.0750178893407185,0.001211682750311281,0.0,0.23112865382146108,0.00028291457286432157
19,-1.0982692576944828,0.7172688696971518,0.0,0.0,0.0,0.0,0.0,0.0,-0.0008192631371674084,1.3641834088734217,1.0387135857627505,0.0013313197608416278,0.0078125,-0.0027221917916022687,0.00028190954773869343
20,-1.562990882433951,1.0281504547877889,0.0,0.0,0.0,0.0,0.0,0.0,8.289855239646775e-05,1.8838487295877366,0.9012223822729928,0.00033919472203013443,0.0,0.16559324664882702,0.0002809045226130653
21,-0.7005200237035751,0.45009766445209043,0.0,0.0,0.0,0.0,0.0,0.0,-0.002052379838590111,0.3989549804301489,1.0636618250892276,0.0027637988705897613,0.011160714285714286,0.04242201827521341,0.00027989949748743716
22,-1.800861943513155,1.190752988894805,0.0,0.0,0.0,0.0,0.0,0.0,-0.001251501330573644,2.507809968221755,0.953471356914157,0.002286934360329594,0.013578869047619048,-0.01592637472888092,0.000278894472361809
23,-1.7384081771597266,1.1479179750008266,0.0,0.0,0.0,0.0,0.0,0.0,-0.00194658332371286,1.2177527234667824,0.9428163965543112,0.001673931788120951,0.013578869047619048,0.08519023696276418,0.0002778894472361809
24,-0.7567975502461195,0.4897731804507581,0.0,0.0,0.0,0.0,0.0,0.0,-0.0006283973232798633,0.24111386778808774,1.0443331684385027,0.0002791939824376078,0.0,0.36673678144399346,0.00027688442211055276
25,-1.6206572130322456,1.0707813971289133,0.0,0.0,0.0,0.0,0.0,0.0,-0.0001956981917222341,1.3899822008042109,0.9658794715290978,0.001296294514932448,0.001209077380952381,-0.11653813085678388,0.0002758793969849246
26,-1.0292152403853834,0.6715043678351661,0.0,0.0,0.0,0.0,0.0,0.0,-0.0018688563057886703,0.22044805614721208,1.0039306055931818,0.0014618116242456295,0.013020833333333334,0.10574199588019129,0.00027487437185929643
27,-0.8193513602018356,0.5336120252907876,0.0,0.0,0.0,0.0,0.0,0.0,-0.00018239958721789576,0.2866792026020232,1.0238018433252971,0.00043065040483183806,0.0005580357142857143,0.2601161436628855,0.0002738693467336683
28,-1.628160323947668,1.0760759922532424,0.0,0.0,0.0,0.0,0.0,0.0,-0.00019067568549265465,1.3563453980854578,0.9683095727648053,0.0011531274677032517,0.0013020833333333333,-0.018579882282413474,0.00027286432160804016
29,-0.633941805921495,0.4040222514390025,0.0,0.0,0.0,0.0,0.0,0.0,-0.0016230799457324402,0.04732192981810797,1.0678689025697254,0.0009522054987471728,0.002976190476190476,0.21562716182268382,0.000271859296482412
30,-0.7924797087907791,0.5154745659548238,0.0,0.0,0.0,0.0,0.0,0.0,0.00019311349162654508,0.25419494864486514,1.0304260480971563,0.00018283113327232145,0.0,0.2930450730826335,0.0002708542713567839
31,-1.3484984512906522,0.8874042577151344,0.0,0.0,0.0,0.0,0.0,0.0,-2.1053001373296692e-05,0.9495263695716858,1.0185728867848713,0.0009017806788462968,0.0,0.07079304706409806,0.00026984924623115576
32,-0.45363312121480703,0.28483290843121345,0.0,0.0,0.0,0.0,0.0,0.0,-0.0008877378755382129,0.07154314645699092,1.0708934920174735,0.0003537306994465845,0.0,-0.01284572411604712,0.0002688442211055276
33,-0.8827948719263077,0.5774291999363387,0.0,0.0,0.0,0.0,0.0,0.0,-0.0003054357532943998,0.35739447247414363,1.011505473227728,0.0005320976765471555,0.0,-0.00041655478235158583,0.0002678391959798995
34,-1.1491708571556956,0.7511777540527294,0.0,0.0,0.0,0.0,0.0,0.0,-0.0024819165756482455,0.6520323724973769,1.03286570026761,0.0021043257909782584,0.017764136904761904,0.15824137060918608,0.00026683417085427135
35,-0.6294316789135337,0.4053201529040522,0.0,0.0,0.0,0.0,0.0,0.0,-0.000926419116911434,0.18472290819599516,1.0474163464137487,0.0004665413372484701,0.0005580357142857143,0.39211880244937913,0.0002658291457286432
36,-1.3119108900427818,0.8638919875875369,0.0,0.0,0.0,0.0,0.0,0.0,-0.0016906959603407554,1.0025582086472284,1.003199319044749,0.0005686952444236903,0.0,-0.06701954554525913,0.0002648241206030151
37,-1.281680844258517,0.839515721202181,0.0,0.0,0.0,0.0,0.0,0.0,-0.0013401394576898643,0.7361705047743661,1.0256596803665161,0.003456120390356297,0.04631696428571429,0.12788504341325457,0.0002638190954773869
38,-0.6242175279185176,0.40233503375750734,0.0,0.0,0.0,0.0,0.0,0.0,-1.7410033338126684e-05,0.1697656526452019,1.0483816521508353,0.00014985312840768268,0.0,0.41454523823816114,0.00026281407035175876
39,-1.2956373505294323,0.8505975594757376,0.0,0.0,0.0,0.0,0.0,0.0,-0.00047587194213909764,1.0054813736961001,1.0311563866479057,0.000554294275519039,0.0,-0.10147136531982226,0.0002618090452261306
40,-1.0320073189213872,0.6711013039395846,0.0,0.0,0.0,0.0,0.0,0.0,-0.0015678188120502802,0.3165786415338516,1.0327771050589425,0.0016217761440202594,0.006603422619047619,0.15178360426077753,0.0002608040201005025
41,-0.9480614736676216,0.6197699288024161,0.0,0.0,0.0,0.0,0.0,0.0,0.000147116281801746,0.5099188075179145,1.0196386462166196,0.00017433640147958483,0.0,-0.01147828355810443,0.00025979899497487435
42,-2.1308166421949863,1.4122818229371807,0.0,0.0,0.0,0.0,0.0,0.0,-0.0004215233549032183,2.7635452974410284,0.9580201591764178,0.0018099598653082336,0.01246279761904762,-0.12173583415058786,0.0002587939698492462
43,-0.8691572556272149,0.5634897468306033,0.0,0.0,0.0,0.0,0.0,0.0,-0.0002451188463185515,0.1176122696626754,1.0464906181607927,0.0005909894770454793,0.0009300595238095238,0.2912061044735331,0.0002577889447236181
44,-0.9452141989022493,0.6179683156646497,0.0,0.0,0.0,0.0,0.0,0.0,-0.0007847912687187394,0.4641703409808023,1.0220719632648287,0.0010711958166211843,0.00390625,0.17607478015646438,0.00025678391959798994
45,-2.289797529578209,1.5183190236815312,0.0,0.0,0.0,0.0,0.0,0.0,-0.0008576711794982353,2.9576919078826904,0.9324046117918832,0.0016227429455500982,0.013671875,-0.05051724878895647,0.00025577889447236176
46,-0.474441857310012,0.29869821758607035,0.0,0.0,0.0,0.0,0.0,0.0,-0.0011145026156944887,0.08134017529941741,1.0653161661965507,0.0008480271180382087,0.0010230654761904762,0.2255136501309688,0.0002547738693467336
47,-1.1344562750309706,0.7448464157510193,0.0,0.0,0.0,0.0,0.0,0.0,-0.000380025411556874,0.6379413860184806,1.0086349078587122,0.0007075308101429116,0.0025111607142857145,-0.04161225179888128,0.0002537688442211055
48,-1.7714907568879426,1.1689437111644323,0.0,0.0,0.0,0.0,0.0,0.0,-0.0008409737326603915,1.6194200969877697,0.9841974406015306,0.0011620933544777689,0.0010230654761904762,0.13524429729439413,0.00025276381909547735
49,-0.47633851133286953,0.30132223171112543,0.0,0.0,0.0,0.0,0.0,0.0,-0.00018672433326996507,0.07778390603406089,1.06205605892908,0.00022351746779999563,0.0,0.5925025824000325,0.0002517587939698492
50,-0.8262022901326418,0.5351635868328786,0.0,0.0,0.0,0.0,0.0,0.0,-0.0001583007009079059,0.29008159041404724,1.0553497019268216,0.0005518232937902212,0.0,-0.13370075366422918,0.0002507537688442211
51,-0.9307970923837274,0.6002526644247035,0.0,0.0,0.0,0.0,0.0,0.0,-0.0008380548984167122,0.3348847585065024,1.018142859141032,0.0005470611753740481,0.0004650297619047619,0.24275728273538444,0.00024974874371859294
52,-0.6623466406017542,0.4266538871040236,0.0,0.0,0.0,0.0,0.0,0.0,-0.000708990486427432,0.18118736218838466,1.0558359168824696,0.00043193690500976077,0.0,0.3420826731285661,0.0002487437185929648
53,-1.4564198721200228,0.9574692059763993,0.0,0.0,0.0,0.0,0.0,0.0,0.0006372109277262574,1.2078954946427118,1.0178127061753046,0.001196906197860482,0.0035342261904761905,-0.16872566055313154,0.0002477386934673367
54,-1.3620445607230067,0.8910022288861766,0.0,0.0,0.0,0.0,0.0,0.0,-0.0006490888827968211,0.6365137894948324,0.9890031757808867,0.001021108634415127,0.006975446428571429,0.07223511805761385,0.00024673366834170854
55,-1.0403538160026073,0.6818144477684662,0.0,0.0,0.0,0.0,0.0,0.0,-0.0014760361629582587,0.5696416213398888,1.0162967159634544,0.0026062343524591554,0.014973958333333334,0.1697029101106392,0.0002457286432160804
56,-2.475154399871826,1.6427912721159632,0.0,0.0,0.0,0.0,0.0,0.0,-0.001819061026686714,3.36590500104995,0.8613010077249437,0.002365145294572271,0.025669642857142856,-0.011555729279356663,0.00024472361809045227
57,-1.3336303394753486,0.8741092155510507,0.0,0.0,0.0,0.0,0.0,0.0,-0.0027325122195872523,0.3460875025817326,0.9880888831047785,0.0024656533108403287,0.031156994047619048,0.11712396797151359,0.0002437185929648241
58,-1.2959378436207771,0.8547245598581229,0.0,0.0,0.0,0.0,0.0,0.0,-0.0027257741118470826,0.7849330220903669,0.9706197693234399,0.002406719938984939,0.01906622023809524,-0.04532867998481582,0.00024271356783919594
59,-2.8166175931692123,1.8730589837798841,0.0,0.0,0.0,0.0,0.0,0.0,-0.00016599700653127262,3.6876512936183383,0.8984690478869847,0.0011438130944346387,0.005208333333333333,-0.02903297090945456,0.0002417085427135678
60,-0.718101589474827,0.460832292201337,0.0,0.0,0.0,0.0,0.0,0.0,-0.0011055934619868086,0.070083268341564,1.0546691304161435,0.0005445642385720497,0.0,0.04421648701264813,0.00024070351758793967
61,-1.455269742757082,0.9597881678191377,0.0,0.0,0.0,0.0,0.0,0.0,-0.00017614504655024836,0.9037198197273981,0.9760216644832066,0.0005689073642272325,0.0,0.010077852693461398,0.00023969849246231154
62,-2.678191198501736,1.7794216728315,0.0,0.0,0.0,0.0,0.0,0.0,-0.0003534292059373998,3.052578630901518,0.8949429903711591,0.0004365385753945226,0.0,0.0814756765297352,0.0002386934673366834
63,-0.5919548366218805,0.37766319473795384,0.0,0.0,0.0,0.0,0.0,0.0,-0.0004347542722132944,0.0989750801097779,1.0564478976385934,0.00017850683625077917,0.0,0.44246743681377165,0.00023768844221105527
64,-1.6720597762614489,1.103375694739246,0.0,0.0,0.0,0.0,0.0,0.0,-0.0029597220875855,1.1477033353987194,0.930656821954818,0.0028946062028851536,0.03180803571428571,-0.11302872083039306,0.00023668341708542713
65,-2.16876002936624,1.4370648156283004,0.0,0.0,0.0,0.0,0.0,0.0,-8.006957137868518e-05,1.6818973677498954,0.9124317878768557,0.000397699995942059,0.0,0.17119478240789043,0.00023567839195979897
66,-0.7118707373738289,0.4588775923390162,0.0,0.0,0.0,0.0,0.0,0.0,-0.000284891010129026,0.14857922494411469,1.0348601511546545,0.00019053151343195211,0.0,0.31596078785132753,0.0002346733668341708
67,-1.6428908966481686,1.0832072762955292,0.0,0.0,0.0,0.0,0.0,0.0,-0.00034674727136180516,1.0195377696128118,0.9403601913225084,0.0007443719133291216,0.0,-0.22380685558698854,0.0002336683417085427
68,-1.424000533297658,0.934491126882734,0.0,0.0,0.0,0.0,0.0,0.0,-0.0014456061291552725,0.5382547406923204,0.9691661425999233,0.001523783657744172,0.007068452380952381,0.10446836362751077,0.00023266331658291454
69,-0.7507778611034155,0.48662439188738277,0.0,0.0,0.0,0.0,0.0,0.0,-0.0018943994073197246,0.15493466811520712,1.0065462333815438,0.0008087601135706617,0.003999255952380952,0.40101850459698596,0.0002316582914572864
70,-1.4159283824265003,0.9311702047119691,0.0,0.0,0.0,0.0,0.0,0.0,-0.0016453777484240987,0.7275785860561189,0.9653041164080302,0.003191873192831519,0.01525297619047619,-0.07065727513952225,0.00023065326633165827
71,-0.8516583796590567,0.5512851135438979,0.0,0.0,0.0,0.0,0.0,0.0,-0.0006861892040996324,0.10949026615846724,1.0151328416097731,0.0004991195275492611,9.300595238095238e-05,0.1089187727566997,0.00022964824120603013
72,-0.8953574355691671,0.5815854033119681,0.0,0.0,0.0,0.0,0.0,0.0,-0.00029952145580734523,0.2699841729232243,0.9858074046316601,0.00026885886299645616,0.0,0.11821408569606973,0.000228643216080402
73,-1.895232256501913,1.2524922898048299,0.0,0.0,0.0,0.0,0.0,0.0,-0.0006399857811629772,1.4408382517950875,0.8983914511544364,0.0004957394308543631,0.0003720238095238095,-0.0486403193718743,0.00022763819095477386
74,-0.6682843160815537,0.42730634780975746,0.0,0.0,0.0,0.0,0.0,0.0,-0.0009436999098397791,0.03840593940445355,1.0352776391165597,0.0005972869472489471,0.0,0.16688783516786854,0.00022663316582914573
75,-1.1043905448168516,0.7226114982360372,0.0,0.0,0.0,0.0,0.0,0.0,-0.0013840008039204847,0.45729788002513705,0.927481696719215,0.001440663378508318,0.002139136904761905,0.015264250066064466,0.00022562814070351756
76,-2.0903602950274944,1.3851963285713778,0.0,0.0,0.0,0.0,0.0,0.0,-0.0008019704061249892,1.8326343695322673,0.8470426145054045,0.0007523070643877699,0.00427827380952381,0.041128322160480124,0.00022462311557788943
77,-0.4832958225160837,0.3048604024153517,0.0,0.0,0.0,0.0,0.0,0.0,-0.0010828029231301375,0.05504896332110677,1.0343963588987077,0.00029251698981083577,0.0,0.45227126917244187,0.0002236180904522613
78,-1.3857329487800598,0.9127410586621953,0.0,0.0,0.0,0.0,0.0,0.0,-0.0002248699532910472,0.7914839500472659,0.842248627117702,0.0008086751414729017,0.0,-0.13027858891267896,0.00022261306532663313
79,-2.099828511243686,1.3912881206237722,0.0,0.0,0.0,0.0,0.0,0.0,-0.0001173269868429218,1.782238239333743,0.8359501163164774,0.0008303491576086907,0.0016741071428571428,0.11804453055253183,0.000221608040201005
80,-0.7399910716339946,0.4796025702239732,0.0,0.0,0.0,0.0,0.0,0.0,-0.00011357721606535571,0.18421878630206698,0.962451194013868,0.00017255827385400022,0.0,0.3145145569012374,0.00022060301507537686
81,-2.0914831906557083,1.3876254453856527,0.0,0.0,0.0,0.0,0.0,0.0,-0.0017739761886852129,1.8647632201512654,0.7747905623345148,0.0014436933866125486,0.012741815476190476,0.0008543503561102561,0.00021959798994974873
82,-2.138070520479232,1.4175137756445573,0.0,0.0,0.0,0.0,0.0,0.0,-0.0006243392292942319,1.5359937463487898,0.8670424137796674,0.0005227647932423722,0.0,0.11659337948645554,0.0002185929648241206
83,-1.054378880187869,0.6898805732794239,0.0,0.0,0.0,0.0,0.0,0.0,-0.0006288460766275724,0.4068755578427088,0.9193006186258226,0.0004809424003940963,0.0035342261904761905,0.04388251881956573,0.00021758793969849246
84,-2.63913244754076,1.755434288096298,0.0,0.0,0.0,0.0,0.0,0.0,-2.9918715535175233e-05,2.766461213429769,0.7760883853549049,0.0009487496544828727,0.011067708333333334,-0.074150137553052,0.00021658291457286432
85,-1.78219811944291,1.1781005778595603,0.0,0.0,0.0,0.0,0.0,0.0,-0.0032579696548747875,0.6954075637317839,0.9446597979182288,0.0017172704739052626,0.01246279761904762,0.16435543797770125,0.00021557788944723616
86,-1.0873308647423983,0.7127649033099902,0.0,0.0,0.0,0.0,0.0,0.0,-0.0006040207753401427,0.3736478714715867,0.9529148113159907,0.0008468757649617535,0.0035342261904761905,0.01264973691402449,0.00021457286432160802
87,-2.2352430261671543,1.4828341143593415,0.0,0.0,0.0,0.0,0.0,0.0,-0.00045161860595856396,1.8063285861696516,0.8574016179357257,0.0006291113760588425,0.0025111607142857145,-0.11312424990428616,0.0002135678391959799
88,-0.9006112820934504,0.5838817603656532,0.0,0.0,0.0,0.0,0.0,0.0,-0.0005659101907873438,0.07242197188593093,1.023254156112671,0.00023879849773255133,0.0,0.2608932511244577,0.00021256281407035173
89,-1.206152269616723,0.7915377360886017,0.0,0.0,0.0,0.0,0.0,0.0,-0.0010134565222653606,0.48417761354219346,0.9159296949704488,0.0011048929521902686,0.003441220238095238,0.04041749391473792,0.0002115577889447236
90,-2.7764356397092342,1.8467475070501154,0.0,0.0,0.0,0.0,0.0,0.0,-0.002067563057477985,2.9237820648011708,0.8157433952604022,0.0019921955730145178,0.016648065476190476,-0.04746407769565897,0.00021055276381909546
91,-0.6401942446827888,0.4087692745298914,0.0,0.0,0.0,0.0,0.0,0.0,-8.82452531229882e-06,0.11209490717876525,1.0296518462044852,7.946612978620189e-05,0.0,-0.100720613116146,0.00020954773869346732
92,-1.8936694897711277,1.2531865340968416,0.0,0.0,0.0,0.0,0.0,0.0,-0.0008278703538789635,1.2884233111426944,0.8732751976876032,0.0014167449636650936,0.01292782738095238,-0.04596350048793152,0.00020854271356783919
93,-2.666806981433183,1.7724710220250812,0.0,0.0,0.0,0.0,0.0,0.0,-0.0007142354179883288,2.4426349912370955,0.8782294080370948,0.0017156177477556326,0.010416666666666666,0.07204897615991013,0.00020753768844221105
94,-0.6894818376749754,0.4418122719802002,0.0,0.0,0.0,0.0,0.0,0.0,-0.0012550921001959416,0.1255881811181704,1.0310970090684437,0.0004076896667746561,0.0010230654761904762,0.3615040338631724,0.0002065326633165829
95,-1.9753181114792824,1.3084528175692707,0.0,0.0,0.0,0.0,0.0,0.0,-0.0017254268972291833,1.3785115707488287,0.9155103081748599,0.0012874470280838154,0.015159970238095238,0.026007836764987968,0.00020552763819095475
96,-2.246778740780428,1.489781538780327,0.0,0.0,0.0,0.0,0.0,0.0,-0.0008244089050484556,1.511372026943025,0.9489651180448986,0.0018643817997404508,0.011532738095238096,0.1128099234181853,0.00020452261306532662
97,-0.8124589109793305,0.5245830150068783,0.0,0.0,0.0,0.0,0.0,0.0,-0.0006990591064095497,0.17054183994020736,1.0284083343687511,0.0004292673908085341,0.0017671130952380952,0.06615576170944137,0.00020351758793969848
98,-1.7014174796640873,1.1229031873430355,0.0,0.0,0.0,0.0,0.0,0.0,-0.0005852566987630867,0.926595423902784,0.9667993102754865,0.0002462371208128475,0.0,-0.1007814370592397,0.00020251256281407032
99,-1.3214272330515087,0.8669754085303008,0.0,0.0,0.0,0.0,0.0,0.0,-0.0007775567272411925,0.3573240481671833,1.008970816930135,0.0010045607618632772,0.003999255952380952,0.11641541663534749,0.00020150753768844219
100,-1.0056351497769356,0.6547311559284296,0.0,0.0,0.0,0.0,0.0,0.0,-5.634379617515064e-05,0.29556860668318613,0.9895295358839489,6.99988810256833e-05,0.0,0.09284444298060601,0.00020050251256281405
101,-2.206110183149576,1.4638683719810897,0.0,0.0,0.0,0.0,0.0,0.0,-0.0010020945753370012,1.6680018617993309,0.8764714087758746,0.00108565908989736,0.004185267857142857,-0.03660084362402127,0.00019949748743718591
102,-1.1010519766714424,0.7194583742816458,0.0,0.0,0.0,0.0,0.0,0.0,-0.0009900033917455446,0.14425714917126156,1.0156495060239519,0.0003281514648170698,0.0017671130952380952,0.15913238495181592,0.00019849246231155778
103,-1.3000600431114435,0.8533127484362723,0.0,0.0,0.0,0.0,0.0,0.0,-0.0007284503829266344,0.539145188672202,0.97050579672768,0.0010964550310745835,0.006045386904761905,-0.03197006527447366,0.00019748743718592964
104,-2.43709534779191,1.619203486508193,0.0,0.0,0.0,0.0,0.0,0.0,-0.0022333586987640175,2.022478290966579,0.9584433322861081,0.002106197000969024,0.016462053571428572,-0.05098908126450752,0.00019648241206030148
105,-0.5703065532725304,0.3610123963443159,0.0,0.0,0.0,0.0,0.0,0.0,-0.0001292580162130651,0.02484093437946978,1.0694054024560111,7.327907120010682e-05,0.0,0.10619377897204174,0.00019547738693467335
106,-0.9962377287447453,0.6487185942457716,0.0,0.0,0.0,0.0,0.0,0.0,8.316044252188433e-05,0.26917179070767905,1.024230026063465,0.00017246168239840439,0.0,0.12364282448810271,0.0001944723618090452
107,-1.4485840941779315,0.9543916764794651,0.0,0.0,0.0,0.0,0.0,0.0,-0.0012330518636320318,0.6748497940245128,1.0421777225676037,0.0010370980016887188,0.002976190476190476,0.12710465141884297,0.00019346733668341708
108,-0.4903618497774005,0.30818769398134227,0.0,0.0,0.0,0.0,0.0,0.0,-0.0008496487003174566,0.04775526161704745,1.0770104272024972,0.00027003242922503325,0.0,0.28382346006897285,0.00019246231155778891
109,-0.8235704265534878,0.5320865638645658,0.0,0.0,0.0,0.0,0.0,0.0,-0.0010108800627113808,0.16581738278979347,1.059791088104248,0.0006847448890940065,0.00018601190476190475,0.0007039188328805679,0.00019145728643216078
110,-0.6766552273184061,0.4327328991319649,0.0,0.0,0.0,0.0,0.0,0.0,-0.0003734619157122714,0.08938195343528475,1.055630502246675,0.0003255977173380199,0.0,0.31336425319984373,0.00019045226130653264
111,-0.5302486000582576,0.33426884230019316,0.0,0.0,0.0,0.0,0.0,0.0,-0.0005255734015788351,0.05773734265849704,1.0743320782979329,0.00017570475825951214,0.0,0.4096533844715061,0.0001894472361809045
112,-0.8897312190383673,0.5761132032626477,0.0,0.0,0.0,0.0,0.0,0.0,-0.0007256773921350638,0.21129298423017775,1.0623491150992257,0.000495005908998705,0.0,-0.008468805934578105,0.00018844221105527637
113,-0.6342589340638369,0.4052669654133969,0.0,0.0,0.0,0.0,0.0,0.0,-1.4278871406401907e-05,0.06043438755330585,1.0720171985172091,0.00014171747135974111,0.0,0.36602373514574393,0.00018743718592964824
114,-0.5304907904937863,0.33352704525006377,0.0,0.0,0.0,0.0,0.0,0.0,-0.0003845869740914731,0.05479543549673898,1.0483267193748838,0.00017215757785985866,0.0,0.25465520017089494,0.00018643216080402008
115,-0.7290074154734612,0.4681131537349481,0.0,0.0,0.0,0.0,0.0,0.0,-0.0006404012286414703,0.12356560641811007,1.071826662336077,0.00013254054578109865,0.0,-0.0071063651947285145,0.00018542713567839194
116,-0.4283036016859114,0.2672393820313067,0.0,0.0,0.0,0.0,0.0,0.0,6.763334386050701e-05,0.010739193209225223,1.0686383417674474,0.0003036573651202378,0.0,0.19593583510080403,0.00018442211055276383
117,-0.5035684350878,0.3155237757599852,0.0,0.0,0.0,0.0,0.0,0.0,-0.0005494767378660894,0.04632948729253951,1.0508427790233068,0.0006998759927228093,0.0,0.34303033745128486,0.00018341708542713567
118,-0.6888051647692919,0.44164067136690416,0.0,0.0,0.0,0.0,0.0,0.0,-0.0003056497135687442,0.10825214676913761,1.0791476397287278,0.0003087188649390425,0.0,0.03380861036491345,0.0001824120603015075
119,-0.34397430694662035,0.21103068203982744,0.0,0.0,0.0,0.0,0.0,0.0,-0.0011203840397120942,0.006395227076219661,1.0767974456151326,0.0003010433366788285,0.0,0.27671067345606626,0.00018140703517587937
120,-0.500914853066206,0.314220859659094,0.0,0.0,0.0,0.0,0.0,0.0,-0.00040623910414675873,0.0466394977910178,1.081055618467785,0.000687164454055684,0.0,0.27934088402339585,0.00018040201005025124
121,-0.7410280511248857,0.47842798780355256,0.0,0.0,0.0,0.0,0.0,0.0,-0.0005074511614761182,0.1507070547058469,1.0738117808387393,0.0007289818188707743,0.0,0.09034096782355339,0.0001793969849246231
122,-0.32183738704770803,0.19558704641486,0.0,0.0,0.0,0.0,0.0,0.0,-0.0004045017385145738,0.011957347437384584,1.0606335685366677,0.00029606473565633806,0.0,0.2506763893072056,0.00017839195979899497
123,-0.6540632601827383,0.4182033806789234,0.0,0.0,0.0,0.0,0.0,0.0,-0.00020474779774390516,0.10166688795600619,1.0802750076566423,0.00020884393182184015,0.0,0.22142266880288475,0.00017738693467336683
124,-0.669225299032405,0.4305284068343187,0.0,0.0,0.0,0.0,0.0,0.0,-0.0005492772075480648,0.10436450654552096,1.0244183256512596,0.0006572795488561193,0.0,0.30542862837004625,0.00017638190954773867
125,-0.4116084733977914,0.25582850898013815,0.0,0.0,0.0,0.0,0.0,0.0,-0.0005017226184940054,0.03127903810569218,1.0670674698693412,0.00021915821292038475,0.0,0.2127847982019473,0.00017537688442211054
126,-0.6716671492904425,0.43098377082866773,0.0,0.0,0.0,0.0,0.0,0.0,-0.0003651887444513185,0.10783834932815461,1.0805130969910395,0.00017607811882737137,0.0,0.022161687592824553,0.00017437185929648237
127,-0.5097297327592969,0.3250389655694094,0.0,0.0,0.0,0.0,0.0,0.0,-0.0011900137622086774,0.03839308555637087,0.9897087784040541,0.0017851614836780797,0.0,0.316520892603786,0.00017336683417085427
128,-0.4196592327207327,0.2614077310773655,0.0,0.0,0.0,0.0,0.0,0.0,-0.00017127980078969683,0.03157673793889228,1.072795419465928,0.00029671039166195054,0.0,0.39890555010401074,0.00017236180904522613
129,-0.6157461479306221,0.3960411790333447,0.0,0.0,0.0,0.0,0.0,0.0,-0.0015785223139183862,0.08481531519265402,1.0396411645980108,0.0014614490182360722,0.004092261904761905,0.04210805804051909,0.00017135678391959797
130,-0.3809662901330739,0.24238050230713076,0.0,0.0,0.0,0.0,0.0,0.0,-0.00025866209484991573,0.011362852262599128,0.915342838991256,0.0011587853743029492,0.0026041666666666665,0.4126556622406742,0.00017035175879396983
131,-0.4631955288350582,0.29168259623892534,0.0,0.0,0.0,0.0,0.0,0.0,2.7913256503996397e-05,0.040817485678763615,1.0748850334258306,9.392538950556801e-05,0.0,0.29446734401529384,0.00016934673366834167
132,-0.613062396645546,0.3977166792236593,0.0,0.0,0.0,0.0,0.0,0.0,-0.00045556056180170605,0.08632353019146692,0.942770759264628,0.0002614806705553617,0.0,0.07924643007542376,0.00016834170854271356
133,-0.3070397910196334,0.19099901887542378,0.0,0.0,0.0,0.0,0.0,0.0,-0.00025333533994853497,0.003995766297781042,0.9376966584296453,0.0010038493256572458,0.0,0.26789558295633953,0.00016733668341708543
134,-0.4520797496661544,0.28680664675306505,0.0,0.0,0.0,0.0,0.0,0.0,1.837126910686493e-05,0.03815547199476333,1.050607647214617,0.000111961593141868,0.0,0.37867062546713737,0.00016633165829145726
135,-0.5129928644746542,0.33193963062049847,0.0,0.0,0.0,0.0,0.0,0.0,0.00025137397460639477,0.05634092486330441,0.8831267186573574,0.0002874066676234915,0.0,0.013313734966894919,0.00016532663316582913
136,-0.2637429174501449,0.1622637478423158,0.0,0.0,0.0,0.0,0.0,0.0,-0.000816865691116878,0.007426272124229442,0.9817169762793041,0.0010116893986594818,0.0,0.31574805060865374,0.00016432160804020097
137,-0.4822078635916114,0.3076105151560108,0.0,0.0,0.0,0.0,0.0,0.0,-0.00032079811873180527,0.04497409062016578,1.0437734127044678,0.0001438937172116268,0.0,0.4970720003612912,0.00016331658291457286
138,-0.43162274244241416,0.2778393851547513,0.0,0.0,0.0,0.0,0.0,0.0,-0.0006516127780612026,0.03719609904856909,0.9031603421483722,0.0003912982896768621,0.0,0.41452577964724735,0.00016231155778894472
139,-0.2957623917609453,0.18127938951592695,0.0,0.0,0.0,0.0,0.0,0.0,-0.00027526651198665303,0.012755047973422777,1.0322972138722737,0.0002765436379593753,0.0,0.17554895125094272,0.00016130653266331656
140,-0.44360341783612967,0.28060415414729983,0.0,0.0,0.0,0.0,0.0,0.0,-0.00047226479676152976,0.035085316215242655,1.0472099043074108,0.00029721881063388925,0.0,0.10292585333113713,0.00016030150753768843
141,-0.3742865789681673,0.23800863458466356,0.0,0.0,0.0,0.0,0.0,0.0,-0.0005597477734443688,0.018058219968917825,0.9387233768190656,0.00036127244987125905,0.0,0.5275258198659398,0.0001592964824120603
142,-0.3748354697600007,0.2333067112591114,0.0,0.0,0.0,0.0,0.0,0.0,-0.000171149947813579,0.025246424245692435,1.0630272570110502,0.0002150750896405606,0.0,0.2630877793875439,0.00015829145728643216
143,-0.483902545645833,0.30882536404521654,0.0,0.0,0.0,0.0,0.0,0.0,-0.0009401542511546896,0.04408571922353336,1.0390091510046096,0.0007449892804115301,0.0,0.06649650225591774,0.00015728643216080402
144,-0.345295122358948,0.2158973836121448,0.0,0.0,0.0,0.0,0.0,0.0,-0.0013466950650105165,0.008510405685575236,0.9511369977678571,0.0013158249036808098,0.006696428571428571,0.3451592235714661,0.00015628140703517586
145,-0.4199980841949582,0.26173062104208317,0.0,0.0,0.0,0.0,0.0,0.0,-0.0002639127030436482,0.0340180177064169,1.076812636284601,8.5586304998114e-05,0.0,0.277672496030524,0.00015527638190954772
146,-0.43134424183517694,0.2747372832876405,0.0,0.0,0.0,0.0,0.0,0.0,-0.0017800029544603256,0.03277056557791574,0.9793735373587835,0.0010161206148387421,0.0,0.27304402696346797,0.0001542713567839196
147,-0.2603089914191514,0.16041430337013504,0.0,0.0,0.0,0.0,0.0,0.0,-0.0010446729027621803,0.0033160153820755937,0.9264650373231798,0.0005197507672987523,0.0,0.2095695844341925,0.00015326633165829145
148,-0.39310371223837137,0.24248356101428334,0.0,0.0,0.0,0.0,0.0,0.0,-7.380181480021704e-05,0.02670925899985291,1.0588360116595315,0.000620735371263609,0.0,0.2866172600496434,0.00015226130653266332
149,-0.41458151303231716,0.26591137596182673,0.0,0.0,0.0,0.0,0.0,0.0,-0.002251832457702784,0.02917865477502346,0.9171612887155443,0.0019147116968053438,0.013020833333333334,0.22342347118962547,0.00015125628140703516
150,-0.26465225277934223,0.16041397132151747,0.0,0.0,0.0,0.0,0.0,0.0,-0.00032276564854241555,0.005550166325909751,1.0064874319803148,0.0005538334038906864,0.0,0.21772743838897213,0.00015025125628140702
151,-0.39899310003966093,0.2469755703458798,0.0,0.0,0.0,0.0,0.0,0.0,-0.0010633946706851323,0.025704359192223775,1.0572926033110845,0.000733188342391735,0.0,0.3405866217886898,0.00014924623115577889
152,-0.4103285379242152,0.2644468283331828,0.0,0.0,0.0,0.0,0.0,0.0,-0.00027040508575737476,0.03599843134482702,0.876344933396294,0.00021679560831260112,0.0,0.5063839721507111,0.00014824120603015075
153,-0.28156359773129225,0.1702869300067035,0.0,0.0,0.0,0.0,0.0,0.0,0.0001610885706863233,0.011082068041321776,1.0467089584895544,2.49611468808282e-05,0.0,0.15627662139868903,0.00014723618090452262
154,-0.425527423620224,0.26661147076154934,0.0,0.0,0.0,0.0,0.0,0.0,-0.0011113862994880904,0.03317493342217945,1.046668671426319,0.0011337758374533483,0.0,0.17275010858819806,0.00014623115577889445
155,-0.35738136479631066,0.2293919142261448,0.0,0.0,0.0,0.0,0.0,0.0,-0.0004928426018783025,0.019294978429873783,0.873443257241022,9.090564258041836e-05,0.0,0.542619886572107,0.00014522613065326632
156,-0.3249740405008197,0.19977207849460607,0.0,0.0,0.0,0.0,0.0,0.0,-0.00034374845702023736,0.01812721828797034,1.0631043116251628,0.00015164952215162062,0.0,0.2034528466882839,0.00014422110552763818
157,-0.41852864623069763,0.26436062447248027,0.0,0.0,0.0,0.0,0.0,0.0,-0.0007790250570646354,0.030922250112607366,1.018869400024414,0.0003435805417774689,0.0,0.17678143268324475,0.00014321608040201005
158,-0.3230392439290881,0.20395108960599415,0.0,0.0,0.0,0.0,0.0,0.0,-0.00010699565921510969,0.009269752051858674,0.9254603016944158,0.0002788540552414599,0.0,0.4191012487138962,0.0001422110552763819
159,-0.3651616172865033,0.2255086619930177,0.0,0.0,0.0,0.0,0.0,0.0,-0.0005494559216978294,0.023498393417823882,1.0768247786022367,0.00017169717743638016,0.0,0.22418121688147707,0.00014120603015075375
160,-0.4221350122243166,0.2696826598431715,0.0,0.0,0.0,0.0,0.0,0.0,-0.0003317855963749545,0.031072854818332763,0.9435889068103972,0.00013136046029449928,0.0,0.088936798477115,0.00014020100502512561
161,-0.27772385254502296,0.17266757709779668,0.0,0.0,0.0,0.0,0.0,0.0,-0.0001150095569235938,0.003627197927839699,0.9367461289678302,4.444993655419066e-05,0.0,0.23288728070709663,0.00013919597989949748
162,-0.3539460594765842,0.2195238586622871,0.0,0.0,0.0,0.0,0.0,0.0,-7.117129418821562e-05,0.021155148035004026,1.0654235624131703,8.724150913102286e-05,0.0,0.28312792270256704,0.00013819095477386934
163,-0.4361804211512208,0.2817397584075797,0.0,0.0,0.0,0.0,0.0,0.0,-0.00029937075894503364,0.037350075940291085,0.8644432028134664,0.0001077368145897275,0.0,0.1615914390453247,0.0001371859296482412
164,-0.26258432236500084,0.1610626754144137,0.0,0.0,0.0,0.0,0.0,0.0,-0.0007323255939852624,0.004256340242656214,0.9710366952986944,0.000302327253545324,0.0,0.2624341544657589,0.00013618090452261305
165,-0.35864752624183893,0.223352710615224,0.0,0.0,0.0,0.0,0.0,0.0,0.00019295566848346164,0.020844609609672,1.0443017255692255,0.00021875084799137854,0.0,0.380512337668548,0.0001351758793969849
166,-0.3771489674691111,0.24382926979573355,0.0,0.0,0.0,0.0,0.0,0.0,-0.0002398104185149783,0.029125502333045006,0.8084760279882521,0.0002695158002011123,0.0,0.3561342825531286,0.00013417085427135678
167,-0.2679093910846859,0.16164984064881133,0.0,0.0,0.0,0.0,0.0,0.0,-0.00031582126393914223,0.009297356918631565,1.0301567486354284,0.00011601409364846491,0.0,0.08684502169957697,0.00013316582914572864
168,-0.416786827147007,0.2631140227675545,0.0,0.0,0.0,0.0,0.0,0.0,-0.0005592451613795545,0.03456071161088489,1.0383014792487735,0.0006008759650978304,0.0,0.09394739560704812,0.0001321608040201005
169,-0.36534043378196657,0.23390979652747862,0.0,0.0,0.0,0.0,0.0,0.0,-0.00015265301668218205,0.02389777238879885,0.8822318968318758,0.00010290102744918494,0.0,0.4975112750206524,0.00013115577889447234
170,-0.33621740946546197,0.20590187263671472,0.0,0.0,0.0,0.0,0.0,0.0,-0.0003590495325624943,0.02309227246968519,1.0527118728274392,0.0005930574843659997,0.0,0.14107490029634762,0.0001301507537688442
171,-0.40774409659206867,0.2588028429048976,0.0,0.0,0.0,0.0,0.0,0.0,-0.0009191452603166302,0.030684785473914372,0.9887252279690334,0.000991473778239673,0.0,0.1308539620143796,0.00012914572864321607
172,-0.2870728215202689,0.18165678614546824,0.0,0.0,0.0,0.0,0.0,0.0,0.0001439490643817754,0.010110099312095415,0.8673612106414068,0.00010730093899404718,0.0,0.541052294411128,0.00012814070351758794
173,-0.3296636948361993,0.2010677250410076,0.0,0.0,0.0,0.0,0.0,0.0,-0.0008547883037300337,0.020780372122923534,1.0626178639275687,0.0004343043879738876,0.0,0.1016520147474147,0.0001271356783919598
174,-0.3828497240319848,0.24239669468896377,0.0,0.0,0.0,0.0,0.0,0.0,-0.0005219387600109691,0.025303092386041368,0.9834364482334682,0.0004369295645682585,0.0,0.15048744557934823,0.00012613065326633164
175,-0.2757264025276527,0.17320590595372562,0.0,0.0,0.0,0.0,0.0,0.0,-0.00022922260575883446,0.004880380761321811,0.9095699929055714,0.0002959072146387327,0.0,0.29164372027489505,0.0001251256281407035
176,-0.33138757944107056,0.20290198396199416,0.0,0.0,0.0,0.0,0.0,0.0,-0.00099758194049909,0.019620841635125025,1.0723824614570254,0.0002350286203658297,0.0,0.23721853712346086,0.00012412060301507537
177,-0.37005722243338823,0.2340873534823948,0.0,0.0,0.0,0.0,0.0,0.0,-0.0018377684256328003,0.024210383139905475,0.964582451752254,0.0009114248400908851,0.0,0.2629437980916244,0.0001231155778894472
178,-0.23968333518132567,0.14762977332650878,0.0,0.0,0.0,0.0,0.0,0.0,-3.05552634277514e-05,0.003023336242352213,0.9345227990831647,0.00011373455968818494,0.0,0.025655708223498497,0.0001221105527638191
179,-0.3769486406818032,0.23437198251989938,0.0,0.0,0.0,0.0,0.0,0.0,-0.0010517975869810297,0.027616716566539946,1.0657494181678409,0.0004790212482302671,0.0,0.19269131477196444,0.00012110552763819094
180,-0.36290520057082176,0.2330169678298553,0.0,0.0,0.0,0.0,0.0,0.0,0.0002144917601808196,0.026706282138114885,0.8704759762400672,8.460011754539751e-05,0.0,0.30502984643279507,0.0001201005025125628
181,-0.2417096100980416,0.14699510611684397,0.0,0.0,0.0,0.0,0.0,0.0,-7.43666175930273e-05,0.006990168021903152,0.9787387138321286,3.8534923944444886e-05,0.0,0.15379491678141166,0.00011909547738693467
182,-0.36045440938323736,0.22484303750452408,0.0,0.0,0.0,0.0,0.0,0.0,-0.00023165690003051643,0.02391775715209189,1.0537124474843342,0.0001527111079277737,0.0,0.05896553809848504,0.0001180904522613065
183,-0.3698578798212111,0.23758316715471897,0.0,0.0,0.0,0.0,0.0,0.0,-0.001935332653201407,0.029419310036159697,0.8461493651072184,0.0008416292701093923,0.002139136904761905,0.2910936803951004,0.0001170854271356784
184,-0.29188378993421793,0.17883587978927232,0.0,0.0,0.0,0.0,0.0,0.0,-0.0008235446376992124,0.014368329862398761,1.0121874809265137,0.0009169020368495868,0.0,0.18735686012435715,0.00011608040201005024
185,-0.3973949495702982,0.25060266049677876,0.0,0.0,0.0,0.0,0.0,0.0,-0.0008002595998169411,0.032753401746352516,1.0150447005317325,0.0004431368572460044,0.0,0.0715690383738542,0.0001150753768844221
186,-0.33897373313084245,0.21478660444365721,0.0,0.0,0.0,0.0,0.0,0.0,-0.0009831088994230544,0.016937999187835624,0.8633744290896824,0.00035490742551961115,0.0,0.3920522796277739,0.00011407035175879396
187,-0.33502424228936434,0.20540352617032895,0.0,0.0,0.0,0.0,0.0,0.0,-0.0011758096516132355,0.022858127508135068,1.0452627284186227,0.0007025464382466106,0.0,0.16384731182735945,0.0001130653266331658
188,-0.3851028895005584,0.24615514138328762,0.0,0.0,0.0,0.0,0.0,0.0,-0.0018669675946945236,0.02967334379042898,0.9254547357559204,0.0008902754468311157,0.0033482142857142855,0.08849469604983895,0.0001120603015075377
189,-0.3002341487444937,0.18903604297152005,0.0,0.0,0.0,0.0,0.0,0.0,-0.000778397988705408,0.007809877196060759,0.8772830877985273,0.0015197687372121784,0.011811755952380952,0.29969304134398356,0.00011105527638190953
190,-0.3469335660338402,0.2135284989519569,0.0,0.0,0.0,0.0,0.0,0.0,-2.4111886020927203e-06,0.024797302360335987,1.0604044653120495,2.7748988941311836e-05,0.0,0.1627971113335872,0.0001100502512562814
191,-0.42089542374014854,0.26782731101383894,0.0,0.0,0.0,0.0,0.0,0.0,-0.000875752873807436,0.0401306315546944,0.9707709295409066,0.0005660792092038762,0.0,0.04911927736885158,0.00010904522613065326
192,-0.29510950041003525,0.1818287878151094,0.0,0.0,0.0,0.0,0.0,0.0,-0.0005064789826671282,0.004639145740795703,0.9341779237701779,0.00024175189346784638,0.0,0.0029376709245458876,0.0001080402010050251
193,-0.41867624688893557,0.26168223386371375,0.0,0.0,0.0,0.0,0.0,0.0,-4.984521573143346e-05,0.04273425308721406,1.0655049369448708,9.643440023951588e-05,0.0,0.20033862950227732,0.00010703517587939699
194,-0.4381286706775427,0.279779406374241,0.0,0.0,0.0,0.0,0.0,0.0,0.00016568387148990516,0.04703870788216591,0.9523852751368568,6.142307427667437e-05,0.0,0.04187899726279898,0.00010603015075376883
195,-0.29753547138534486,0.18189467042404484,0.0,0.0,0.0,0.0,0.0,0.0,-7.135177535625796e-05,0.01272700194801603,0.9505941782678876,1.9473389589360784e-05,0.0,0.09230572734150111,0.0001050251256281407
196,-0.43037784937769175,0.2705722052665956,0.0,0.0,0.0,0.0,0.0,0.0,-0.00022505253686436584,0.04540938688885598,1.0634022440229143,0.0001888440622548972,0.0,0.21517784092411574,0.00010402010050251256
197,-0.3876941096968949,0.24745814947111322,0.0,0.0,0.0,0.0,0.0,0.0,-2.209873249133428e-06,0.037314308008977344,0.9094614642007011,0.00018626407143615542,0.0,0.2755756111533756,0.0001030150753768844
198,-0.2917449972592294,0.17729039974512967,0.0,0.0,0.0,0.0,0.0,0.0,-0.0002743705131468319,0.01614920293823594,1.000123069399879,0.00010152836884593679,0.0,0.04040511536876412,0.00010201005025125629
199,-0.4458079570904374,0.2812153718501706,0.0,0.0,0.0,0.0,0.0,0.0,-0.000494240095750207,0.05312432703517732,1.0548282237279982,8.87062300794891e-05,0.0,0.061028790317030124,0.00010100502512562813
200,-0.3274096988607198,0.20504230589518238,0.0,0.0,0.0,0.0,0.0,0.0,-0.000788241519504005,0.018385549475039755,0.9421393814541045,0.0007710380014032125,0.0,0.39865983641685165,9.999999999999999e-05
